,station_id,status,target,c,mp,mr,mt
0,128,empty,y_10m,0.01,0.2777777777777778,1.0,0.16061885749248608
1,128,full,y_10m,0.01,0.4472573839662447,0.9724770642201835,0.37921383194429537
2,128,empty,y_15m,0.01,0.35714285714285715,1.0,0.17423658128457928
3,128,full,y_15m,0.01,0.4268774703557312,0.9557522123893806,0.3362711426255641
4,128,empty,y_30m,0.01,0.19230769230769232,1.0,0.13951787540782887
5,128,full,y_30m,0.1,0.3511705685618729,0.9545454545454546,0.20227771188540564
6,128,empty,y_45m,0.01,0.21739130434782608,1.0,0.12529684705582622
7,128,full,y_45m,10.0,0.29736842105263156,0.9576271186440678,0.13505163889994246
8,128,empty,y_60m,1000.0,0.11940298507462686,1.0,0.2859918403651636
9,128,full,y_60m,10.0,0.24688796680497926,0.952,0.05384794683450044
10,128,empty,y_90m,0.1,0.06299212598425197,1.0,0.03000190299178308
11,128,full,y_90m,1000.0,0.24950884086444008,1.0,0.036700070212317325
12,128,empty,y_120m,1.0,0.03940886699507389,1.0,0.0548943894700116
13,128,full,y_120m,1000.0,0.2784552845528455,1.0,0.0647625675548014
14,151,empty,y_10m,0.01,0.5434782608695652,0.9615384615384616,0.3031402994341317
15,151,full,y_10m,0.01,0.4697674418604651,0.9528301886792453,0.3576404269390771
16,151,empty,y_15m,0.01,0.5533980582524272,0.95,0.2710949337343705
17,151,full,y_15m,0.01,0.39552238805970147,0.954954954954955,0.27028608240730084
18,151,empty,y_30m,0.01,0.4375,0.9545454545454546,0.20717365909938965
19,151,full,y_30m,0.1,0.3956043956043956,0.9642857142857143,0.19360897152183246
20,151,empty,y_45m,0.01,0.43636363636363634,0.96,0.17844918355725972
21,151,full,y_45m,10.0,0.29295774647887324,0.9541284403669725,0.07680676029796837
22,151,empty,y_60m,1000.0,0.4,0.958904109589041,0.0370061654843211
23,151,full,y_60m,10.0,0.2756892230576441,0.9734513274336283,0.06600373110623425
24,151,empty,y_90m,0.1,0.2749003984063745,0.9583333333333334,0.035726283768296306
25,151,full,y_90m,1000.0,0.26448362720403024,0.9545454545454546,0.08354035325705395
26,151,empty,y_120m,1.0,0.2148997134670487,0.9615384615384616,0.023694851437839313
27,151,full,y_120m,1000.0,0.2376237623762376,0.9504950495049505,0.09919580402793411
28,161,empty,y_10m,0.01,0.15789473684210525,1.0,0.1660425986299277
29,161,full,y_10m,0.01,0.7624113475177305,0.9772727272727273,0.5834812478706966
30,161,empty,y_15m,0.01,0.1875,1.0,0.18129423796046681
31,161,full,y_15m,0.01,0.7879858657243817,0.9737991266375546,0.5831828890720315
32,161,empty,y_30m,0.01,0.16666666666666666,1.0,0.14444357635999888
33,161,full,y_30m,0.1,0.725752508361204,0.9517543859649122,0.41332825686731467
34,161,empty,y_45m,0.01,0.125,1.0,0.14186239687563681
35,161,full,y_45m,10.0,0.6352583586626139,0.954337899543379,0.23672715674483102
36,161,empty,y_60m,1000.0,0.08333333333333333,1.0,0.016497845946562048
37,161,full,y_60m,10.0,0.6597014925373135,0.9525862068965517,0.2713759709230299
38,161,empty,y_90m,0.1,0.06451612903225806,1.0,0.03148515196514757
39,161,full,y_90m,1000.0,0.6373626373626373,0.9508196721311475,0.27883366693254275
40,161,empty,y_120m,1.0,0.05,1.0,0.003006141392683534
41,161,full,y_120m,1000.0,0.5923076923076923,0.9506172839506173,0.2481133016504555
42,174,empty,y_10m,0.01,0.6050420168067226,0.96,0.3284794878631102
43,174,full,y_10m,0.01,0.17647058823529413,1.0,0.1878521957563851
44,174,empty,y_15m,0.01,0.5538461538461539,0.96,0.3429467991619947
45,174,full,y_15m,0.01,0.5,1.0,0.270922067455297
46,174,empty,y_30m,0.01,0.2845849802371542,0.96,0.22694803962638277
47,174,full,y_30m,0.1,0.375,1.0,0.15763001915813457
48,174,empty,y_45m,0.01,0.20891364902506965,0.9615384615384616,0.1928892864570564
49,174,full,y_45m,10.0,0.09302325581395349,1.0,0.04149607551315077
50,174,empty,y_60m,1000.0,0.19430051813471502,0.9615384615384616,0.041768250436963805
51,174,full,y_60m,10.0,0.375,1.0,0.2985405531036041
52,174,empty,y_90m,0.1,0.20876288659793815,0.9529411764705882,0.05101675046166735
53,174,full,y_90m,1000.0,0.030303030303030304,1.0,0.04182908760080107
54,174,empty,y_120m,1.0,0.212707182320442,0.9506172839506173,0.06456632966540063
55,174,full,y_120m,1000.0,0.03225806451612903,1.0,0.0667832423636462
56,229,empty,y_10m,0.01,0.6666666666666666,1.0,0.20779180527681518
57,229,full,y_10m,0.01,0.5911949685534591,0.9543147208121827,0.37122935830222736
58,229,empty,y_15m,0.01,0.6666666666666666,1.0,0.22665664470067204
59,229,full,y_15m,0.01,0.4986149584487535,0.9574468085106383,0.331203676315108
60,229,empty,y_30m,0.01,0.04081632653061224,1.0,0.08828115653431567
61,229,full,y_30m,0.1,0.491725768321513,0.9585253456221198,0.2684791453611428
62,229,empty,y_45m,0.01,0.5,1.0,0.1468749064714293
63,229,full,y_45m,10.0,0.4,0.9560975609756097,0.21563858893803908
64,229,empty,y_60m,1000.0,0.001996007984031936,1.0,1.7265933119103776e-05
65,229,full,y_60m,10.0,0.4008438818565401,0.95,0.25991492860151993
66,229,empty,y_90m,0.1,0.011904761904761904,1.0,0.016738180037594932
67,229,full,y_90m,1000.0,0.3656716417910448,0.9560975609756097,0.24449268172958236
68,229,empty,y_120m,1.0,0.09090909090909091,1.0,0.019747697703633986
69,229,full,y_120m,1000.0,0.37937384898710863,0.9537037037037037,0.24980396355516632
70,284,empty,y_10m,0.01,0.72,1.0,0.05260945117955743
71,284,full,y_10m,0.01,0.6182432432432432,0.953125,0.5015014959175026
72,284,empty,y_15m,0.01,0.7307692307692307,1.0,0.047040421970766196
73,284,full,y_15m,0.01,0.5895061728395061,0.9597989949748744,0.42940865112070603
74,284,empty,y_30m,0.01,0.5161290322580645,1.0,0.0343549958642913
75,284,full,y_30m,0.1,0.4665012406947891,0.9543147208121827,0.25806387045414536
76,284,empty,y_45m,0.01,0.01918158567774936,1.0,0.03053435125868488
77,284,full,y_45m,10.0,0.40124740124740127,0.9507389162561576,0.1534558148488305
78,284,empty,y_60m,1000.0,0.25925925925925924,1.0,0.0001905464960858418
79,284,full,y_60m,10.0,0.3714859437751004,0.9536082474226805,0.1894067426898178
80,284,empty,y_90m,0.1,0.4827586206896552,1.0,0.05067683933499889
81,284,full,y_90m,1000.0,0.3387096774193548,0.9545454545454546,0.14430893998302516
82,284,empty,y_120m,1.0,0.21875,1.0,0.01064842356237717
83,284,full,y_120m,1000.0,0.27232142857142855,0.9631578947368421,0.11422059435416174
84,285,empty,y_10m,0.01,0.0,,0.09184011860282604
85,285,full,y_10m,0.01,0.7699805068226121,0.9634146341463414,0.44830705234490625
86,285,empty,y_15m,0.01,0.0,,0.08065471895282449
87,285,full,y_15m,0.01,0.7246653919694073,0.9522613065326633,0.4071328727487746
88,285,empty,y_30m,0.01,0.0,,0.0815437983482057
89,285,full,y_30m,0.1,0.6514382402707276,0.9506172839506173,0.283035707500857
90,285,empty,y_45m,0.01,0.0,,0.08122639749367021
91,285,full,y_45m,10.0,0.6038647342995169,0.9517766497461929,0.2565116292415537
92,285,empty,y_60m,1000.0,0.0,,0.2203498427349574
93,285,full,y_60m,10.0,0.5627836611195158,0.9514066496163683,0.26077728331951594
94,285,empty,y_90m,0.1,0.0,,0.11639663879905561
95,285,full,y_90m,1000.0,0.5356622998544396,0.9509043927648578,0.2698648840652051
96,285,empty,y_120m,1.0,0.0,,0.13916600202013799
97,285,full,y_120m,1000.0,0.518361581920904,0.9507772020725389,0.22335042750642783
98,297,empty,y_10m,0.01,0.265625,1.0,0.14408562736967231
99,297,full,y_10m,0.01,0.7329842931937173,0.9523809523809523,0.4804834448264452
100,297,empty,y_15m,0.01,0.23880597014925373,1.0,0.1273953146619706
101,297,full,y_15m,0.01,0.6108786610878661,0.9668874172185431,0.3501754088139051
102,297,empty,y_30m,0.01,0.2727272727272727,1.0,0.149644668269735
103,297,full,y_30m,0.1,0.5399239543726235,0.9530201342281879,0.18483562750912697
104,297,empty,y_45m,0.01,0.17525773195876287,1.0,0.10013343067331255
105,297,full,y_45m,10.0,0.48333333333333334,0.9539473684210527,0.18335087132743477
106,297,empty,y_60m,1000.0,0.14634146341463414,1.0,0.06895237532328256
107,297,full,y_60m,10.0,0.3967828418230563,0.961038961038961,0.12490799000199466
108,297,empty,y_90m,0.1,0.09259259259259259,1.0,0.03491116753078237
109,297,full,y_90m,1000.0,0.37851662404092073,0.9801324503311258,0.10259089400341649
110,297,empty,y_120m,1.0,0.06976744186046512,1.0,0.010496649639939121
111,297,full,y_120m,1000.0,0.36705882352941177,0.9629629629629629,0.13103246154915205
112,3002,empty,y_10m,0.01,0.14285714285714285,1.0,0.26869047000907154
113,3002,full,y_10m,0.01,0.5067114093959731,0.9617834394904459,0.32157444841675614
114,3002,empty,y_15m,0.01,0.05263157894736842,1.0,0.19786925682217282
115,3002,full,y_15m,0.01,0.4557377049180328,0.952054794520548,0.2769927444515333
116,3002,empty,y_30m,0.01,0.014285714285714285,1.0,0.13977306075142854
117,3002,full,y_30m,0.1,0.42896174863387976,0.9515151515151515,0.1307714152238123
118,3002,empty,y_45m,0.01,0.024096385542168676,1.0,0.11981464033407191
119,3002,full,y_45m,10.0,0.3644859813084112,0.9570552147239264,0.11073465196226384
120,3002,empty,y_60m,1000.0,0.0,,0.3676645740200628
121,3002,full,y_60m,10.0,0.2968421052631579,0.9724137931034482,0.06433456922325531
122,3002,empty,y_90m,0.1,0.0,,0.2367750429349536
123,3002,full,y_90m,1000.0,0.3111111111111111,0.958904109589041,0.12392001052631962
124,3002,empty,y_120m,1.0,0.0058823529411764705,1.0,0.03566366449473332
125,3002,full,y_120m,1000.0,0.27705627705627706,0.9624060150375939,0.11460544965824712
126,3141,empty,y_10m,0.01,0.8725490196078431,0.967391304347826,0.5178872179760959
127,3141,full,y_10m,0.01,0.9081632653061225,0.967391304347826,0.4111788823012676
128,3141,empty,y_15m,0.01,0.8876404494382022,0.9634146341463414,0.5249690059587191
129,3141,full,y_15m,0.01,0.8585858585858586,0.9550561797752809,0.3516391501145481
130,3141,empty,y_30m,0.01,0.6870229007633588,0.9574468085106383,0.39602308470043857
131,3141,full,y_30m,0.1,0.9310344827586207,0.9529411764705882,0.524881980828275
132,3141,empty,y_45m,0.01,0.5773809523809523,0.9797979797979798,0.2826725632206759
133,3141,full,y_45m,10.0,0.9390243902439024,0.9506172839506173,0.4308045839347392
134,3141,empty,y_60m,1000.0,0.7348484848484849,0.9509803921568627,0.19602354033810104
135,3141,full,y_60m,10.0,0.9418604651162791,0.9529411764705882,0.3451874612757013
136,3141,empty,y_90m,0.1,0.6337209302325582,0.9646017699115044,0.1095846633971446
137,3141,full,y_90m,1000.0,0.92,0.971830985915493,0.37158973549410534
138,3141,empty,y_120m,1.0,0.7464788732394366,0.954954954954955,0.1464919627560707
139,3141,full,y_120m,1000.0,0.8783783783783784,0.9558823529411765,0.3778347948767777
140,320,empty,y_10m,0.01,0.78125,0.9523809523809523,0.33619736507027187
141,320,full,y_10m,0.01,0.7567567567567568,0.958904109589041,0.432094137949229
142,320,empty,y_15m,0.01,0.9351535836177475,0.958041958041958,0.44527843752140805
143,320,full,y_15m,0.01,0.6496350364963503,0.9518716577540107,0.377442146340358
144,320,empty,y_30m,0.01,0.9186440677966101,0.9609929078014184,0.4272606022818975
145,320,full,y_30m,0.1,0.5473372781065089,0.9536082474226805,0.19172241794180475
146,320,empty,y_45m,0.01,0.7159090909090909,0.9545454545454546,0.33559872267880425
147,320,full,y_45m,10.0,0.531055900621118,0.9553072625698324,0.13971123209782127
148,320,empty,y_60m,1000.0,0.802547770700637,0.9509433962264151,0.09828115992984111
149,320,full,y_60m,10.0,0.41309823677581864,0.9590643274853801,0.10337388988152908
150,320,empty,y_90m,0.1,0.7213114754098361,0.9649122807017544,0.129776192339279
151,320,full,y_90m,1000.0,0.38636363636363635,0.9550561797752809,0.07457432919206858
152,320,empty,y_120m,1.0,0.7660818713450293,0.9527272727272728,0.05818560143761002
153,320,full,y_120m,1000.0,0.3384279475982533,0.950920245398773,0.08020323497586522
154,3263,empty,y_10m,0.01,0.475,1.0,0.2186455896443407
155,3263,full,y_10m,0.01,0.5431034482758621,0.9545454545454546,0.3493924571034594
156,3263,empty,y_15m,0.01,0.5,0.96,0.22779502895688908
157,3263,full,y_15m,0.01,0.594059405940594,0.9523809523809523,0.40283295308387823
158,3263,empty,y_30m,0.01,0.42592592592592593,0.9583333333333334,0.1856823103951295
159,3263,full,y_30m,0.1,0.42662116040955633,0.9541984732824428,0.21189159718445102
160,3263,empty,y_45m,0.01,0.12365591397849462,0.9583333333333334,0.08244197152410651
161,3263,full,y_45m,10.0,0.3370165745856354,0.953125,0.17975842383089677
162,3263,empty,y_60m,1000.0,0.034161490683229816,1.0,7.105028667238302e-05
163,3263,full,y_60m,10.0,0.24282982791587,0.9548872180451128,0.14588616402756066
164,3263,empty,y_90m,0.1,0.035483870967741936,0.9565217391304348,0.0017346539811023344
165,3263,full,y_90m,1000.0,0.16804407713498623,0.9682539682539683,0.13112284521481787
166,3263,empty,y_120m,1.0,0.049783549783549784,0.9583333333333334,0.0003636217671555037
167,3263,full,y_120m,1000.0,0.1532258064516129,0.9743589743589743,0.11522867876738446
168,368,empty,y_10m,0.01,0.058823529411764705,1.0,0.15639368319182587
169,368,full,y_10m,0.01,0.6450511945392492,0.9545454545454546,0.47972717529974634
170,368,empty,y_15m,0.01,0.03333333333333333,1.0,0.14327176072773365
171,368,full,y_15m,0.01,0.5894039735099338,0.9518716577540107,0.45707366274510713
172,368,empty,y_30m,0.01,0.1111111111111111,1.0,0.15355839817576714
173,368,full,y_30m,0.1,0.5013333333333333,0.9591836734693877,0.22068101636647688
174,368,empty,y_45m,0.01,0.07692307692307693,1.0,0.1259953464940605
175,368,full,y_45m,10.0,0.4170305676855895,0.9646464646464646,0.0917871292305754
176,368,empty,y_60m,1000.0,0.01282051282051282,1.0,0.015673415036022098
177,368,full,y_60m,10.0,0.4393203883495146,0.9526315789473684,0.13864262412841202
178,368,empty,y_90m,0.1,0.010752688172043012,1.0,0.08283460035771005
179,368,full,y_90m,1000.0,0.37701612903225806,0.958974358974359,0.10157852744288637
180,368,empty,y_120m,1.0,0.0,,0.6437421157502609
181,368,full,y_120m,1000.0,0.3157894736842105,0.9587628865979382,0.07829630570161698
182,382,empty,y_10m,0.01,0.0034602076124567475,1.0,0.029987293665008578
183,382,full,y_10m,0.01,0.8298850574712644,0.9525065963060686,0.5583336413359963
184,382,empty,y_15m,0.01,0.0017391304347826088,1.0,0.029582806748457965
185,382,full,y_15m,0.01,0.8215102974828375,0.9522546419098143,0.5258965345931703
186,382,empty,y_30m,0.01,0.0,,0.030216942279813377
187,382,full,y_30m,0.1,0.8086021505376344,0.9567430025445293,0.3855400144440488
188,382,empty,y_45m,0.01,0.0017761989342806395,1.0,0.030240372318748415
189,382,full,y_45m,10.0,0.7677824267782427,0.9607329842931938,0.34973522472510016
190,382,empty,y_60m,1000.0,0.008620689655172414,1.0,1.4278643690235223e-42
191,382,full,y_60m,10.0,0.7469635627530364,0.9510309278350515,0.30059820628040645
192,382,empty,y_90m,0.1,0.0,,0.07361100847362663
193,382,full,y_90m,1000.0,0.7622950819672131,0.9514066496163683,0.20710544131617348
194,382,empty,y_120m,1.0,0.0,,0.02052344811450525
195,382,full,y_120m,1000.0,0.7578947368421053,0.9574468085106383,0.1997147214904525
196,383,empty,y_10m,0.01,0.0,,0.17256477531088618
197,383,full,y_10m,0.01,0.6333333333333333,0.9568345323741008,0.375178520128465
198,383,empty,y_15m,0.01,0.0,,0.16845076644836846
199,383,full,y_15m,0.01,0.6477272727272727,0.95,0.4162285235871178
200,383,empty,y_30m,0.01,0.0,,0.1611279550361574
201,383,full,y_30m,0.1,0.5536480686695279,0.9555555555555556,0.17837636882282148
202,383,empty,y_45m,0.01,0.0,,0.1414706414032882
203,383,full,y_45m,10.0,0.54,0.9507042253521126,0.1486370456696235
204,383,empty,y_60m,1000.0,0.0,,0.8716496338541783
205,383,full,y_60m,10.0,0.4791666666666667,0.9517241379310345,0.1265022870627108
206,383,empty,y_90m,0.1,0.0,,0.48718266175413955
207,383,full,y_90m,1000.0,0.5220588235294118,0.9659863945578231,0.20267011138731794
208,383,empty,y_120m,1.0,0.0,,0.6619190334088075
209,383,full,y_120m,1000.0,0.5037037037037037,0.951048951048951,0.15951252590522494
210,402,empty,y_10m,0.01,0.44314868804664725,0.9559748427672956,0.3230377402140826
211,402,full,y_10m,0.01,0.6148148148148148,0.9651162790697675,0.3083817929524825
212,402,empty,y_15m,0.01,0.37530864197530867,0.9620253164556962,0.28776555104713697
213,402,full,y_15m,0.01,0.6268656716417911,0.9767441860465116,0.3179544115020388
214,402,empty,y_30m,0.01,0.391304347826087,0.9503105590062112,0.33344402313010907
215,402,full,y_30m,0.1,0.6386554621848739,0.95,0.4001850412728411
216,402,empty,y_45m,0.01,0.33410672853828305,0.9536423841059603,0.3381613318877705
217,402,full,y_45m,10.0,0.5606060606060606,0.961038961038961,0.46524297330999026
218,402,empty,y_60m,1000.0,0.31865828092243187,0.9559748427672956,0.35044076949010594
219,402,full,y_60m,10.0,0.39344262295081966,0.972972972972973,0.28470437482374555
220,402,empty,y_90m,0.1,0.32170542635658916,0.9822485207100592,0.30361381140937266
221,402,full,y_90m,1000.0,0.5503875968992248,0.9726027397260274,0.43548199408167004
222,402,empty,y_120m,1.0,0.3204301075268817,0.9551282051282052,0.3772591285500111
223,402,full,y_120m,1000.0,0.546875,0.958904109589041,0.3526825138211868
224,426,empty,y_10m,0.01,0.4,1.0,0.3114822429101761
225,426,full,y_10m,0.01,0.6767241379310345,0.9515151515151515,0.40178071033268425
226,426,empty,y_15m,0.01,0.3333333333333333,1.0,0.320771552376698
227,426,full,y_15m,0.01,0.6124031007751938,0.9518072289156626,0.36094791364615897
228,426,empty,y_30m,0.01,0.2,1.0,0.305233703730656
229,426,full,y_30m,0.1,0.5015290519877675,0.9590643274853801,0.22670246720014323
230,426,empty,y_45m,0.01,0.0,,0.4073125320423153
231,426,full,y_45m,10.0,0.46449704142011833,0.9515151515151515,0.21972115478006338
232,426,empty,y_60m,1000.0,0.375,1.0,0.5425076718582491
233,426,full,y_60m,10.0,0.5125,0.9534883720930233,0.25563098149818586
234,426,empty,y_90m,0.1,0.5,1.0,0.5114462612840484
235,426,full,y_90m,1000.0,0.5098039215686274,0.9512195121951219,0.2716549949206757
236,426,empty,y_120m,1.0,0.25,1.0,0.6235696652178253
237,426,full,y_120m,1000.0,0.38950276243093923,0.9527027027027027,0.25475857319255946
238,432,empty,y_10m,0.01,0.5816326530612245,0.957983193277311,0.36003754844773844
239,432,full,y_10m,0.01,0.46511627906976744,0.9523809523809523,0.3102865436349639
240,432,empty,y_15m,0.01,0.5402843601895735,0.95,0.31764707204042136
241,432,full,y_15m,0.01,0.4444444444444444,0.9523809523809523,0.2673808048659486
242,432,empty,y_30m,0.01,0.4144486692015209,0.956140350877193,0.2572205602911307
243,432,full,y_30m,0.1,0.41509433962264153,0.9565217391304348,0.22598319710144346
244,432,empty,y_45m,0.01,0.34545454545454546,0.957983193277311,0.19479791639531754
245,432,full,y_45m,10.0,0.37254901960784315,0.95,0.27799037218006317
246,432,empty,y_60m,1000.0,0.3904494382022472,0.952054794520548,0.08835248957093883
247,432,full,y_60m,10.0,0.20353982300884957,0.9583333333333334,0.17997412688556663
248,432,empty,y_90m,0.1,0.32122905027932963,0.9663865546218487,0.08935643724331035
249,432,full,y_90m,1000.0,0.07207207207207207,0.96,0.052815740735959654
250,432,empty,y_120m,1.0,0.3685897435897436,0.9504132231404959,0.11143969290189257
251,432,full,y_120m,1000.0,0.05319148936170213,0.9615384615384616,0.031379415858647355
252,435,empty,y_10m,0.01,0.6066666666666667,0.9680851063829787,0.30510862179270537
253,435,full,y_10m,0.01,0.7706766917293233,0.9534883720930233,0.51219572306916
254,435,empty,y_15m,0.01,0.5771812080536913,0.9555555555555556,0.29442639621155403
255,435,full,y_15m,0.01,0.7102473498233216,0.95260663507109,0.4832518460853802
256,435,empty,y_30m,0.01,0.48333333333333334,0.9560439560439561,0.24220425913685467
257,435,full,y_30m,0.1,0.6765676567656765,0.9534883720930233,0.39228663923879564
258,435,empty,y_45m,0.01,0.521978021978022,0.95,0.22110760406886032
259,435,full,y_45m,10.0,0.6426332288401254,0.9579439252336449,0.31820567760103097
260,435,empty,y_60m,1000.0,0.3709677419354839,0.968421052631579,0.08283346950128319
261,435,full,y_60m,10.0,0.56657223796034,0.9569377990430622,0.28083817466545263
262,435,empty,y_90m,0.1,0.3948497854077253,0.9583333333333334,0.08504104315134303
263,435,full,y_90m,1000.0,0.509090909090909,0.9514563106796117,0.3225705996307379
264,435,empty,y_120m,1.0,0.27011494252873564,0.9690721649484536,0.04737366557994047
265,435,full,y_120m,1000.0,0.4810126582278481,0.9644670050761421,0.2926253625055931
266,444,empty,y_10m,0.01,0.7575757575757576,1.0,0.5795780303011286
267,444,full,y_10m,0.01,0.76953125,0.9516908212560387,0.49437554555029084
268,444,empty,y_15m,0.01,0.7692307692307693,0.967741935483871,0.5763314234076374
269,444,full,y_15m,0.01,0.7453874538745388,0.9528301886792453,0.47504442144976217
270,444,empty,y_30m,0.01,0.8,0.9655172413793104,0.5554304425719533
271,444,full,y_30m,0.1,0.5884057971014492,0.9530516431924883,0.19278119397687882
272,444,empty,y_45m,0.01,0.5,0.9714285714285714,0.4497239075218797
273,444,full,y_45m,10.0,0.5865102639296188,0.9615384615384616,0.1212155160386377
274,444,empty,y_60m,1000.0,0.37362637362637363,0.9714285714285714,0.5314268870409249
275,444,full,y_60m,10.0,0.6028985507246377,0.9541284403669725,0.14320642929106056
276,444,empty,y_90m,0.1,0.3805309734513274,0.9772727272727273,0.27762880152964703
277,444,full,y_90m,1000.0,0.5418848167539267,0.9539170506912442,0.09200044879897239
278,444,empty,y_120m,1.0,0.3333333333333333,0.9791666666666666,0.27126612451446086
279,444,full,y_120m,1000.0,0.5080645161290323,0.9545454545454546,0.09322518050163212
280,461,empty,y_10m,0.01,0.6785714285714286,0.95,0.44211063626312735
281,461,full,y_10m,0.01,0.696078431372549,0.9594594594594594,0.46297727639776065
282,461,empty,y_15m,0.01,0.5833333333333334,0.9506172839506173,0.39746869152370123
283,461,full,y_15m,0.01,0.6944444444444444,0.9615384615384616,0.4669459705157702
284,461,empty,y_30m,0.01,0.38461538461538464,0.9523809523809523,0.3061578121972147
285,461,full,y_30m,0.1,0.4161490683229814,0.9710144927536232,0.18229282476952866
286,461,empty,y_45m,0.01,0.31417624521072796,0.9534883720930233,0.2402995076488872
287,461,full,y_45m,10.0,0.37058823529411766,0.9545454545454546,0.11682191705458969
288,461,empty,y_60m,1000.0,0.31010452961672474,0.956989247311828,0.06186621805354143
289,461,full,y_60m,10.0,0.32038834951456313,0.9565217391304348,0.09837054997179882
290,461,empty,y_90m,0.1,0.250814332247557,0.9506172839506173,0.0946618354982279
291,461,full,y_90m,1000.0,0.30120481927710846,0.9615384615384616,0.09680168355758237
292,461,empty,y_120m,1.0,0.21005917159763313,0.9594594594594594,0.0789964037613752
293,461,full,y_120m,1000.0,0.2084592145015106,0.971830985915493,0.06107566590032177
294,470,empty,y_10m,0.01,0.5494505494505495,0.9803921568627451,0.2626215340033926
295,470,full,y_10m,0.01,0.6523809523809524,0.9513888888888888,0.4575362808859086
296,470,empty,y_15m,0.01,0.5476190476190477,0.9583333333333334,0.2712213049388359
297,470,full,y_15m,0.01,0.5876288659793815,0.95,0.4377394306510913
298,470,empty,y_30m,0.01,0.24752475247524752,0.9615384615384616,0.11548535050010636
299,470,full,y_30m,0.1,0.5432692307692307,0.9576271186440678,0.22909380702723478
300,470,empty,y_45m,0.01,0.18376068376068377,0.9555555555555556,0.08987504246403508
301,470,full,y_45m,10.0,0.4405594405594406,0.9545454545454546,0.17299105278792815
302,470,empty,y_60m,1000.0,0.3684210526315789,0.9607843137254902,0.03205783510880757
303,470,full,y_60m,10.0,0.4169381107491857,0.9552238805970149,0.1798577659635655
304,470,empty,y_90m,0.1,0.2603550295857988,0.9565217391304348,0.06966186680321902
305,470,full,y_90m,1000.0,0.35751295336787564,0.9517241379310345,0.1503127174995751
306,470,empty,y_120m,1.0,0.3106060606060606,0.9534883720930233,0.05961007769787241
307,470,full,y_120m,1000.0,0.46236559139784944,0.9555555555555556,0.29023507596037473
308,472,empty,y_10m,0.01,0.5769230769230769,1.0,0.487403840639311
309,472,full,y_10m,0.01,0.6031746031746031,0.9620253164556962,0.3160465804914595
310,472,empty,y_15m,0.01,0.609375,0.9512195121951219,0.5051330715105472
311,472,full,y_15m,0.01,0.5447761194029851,0.9605263157894737,0.2829578557270952
312,472,empty,y_30m,0.01,0.5,0.95,0.44470004988638917
313,472,full,y_30m,0.1,0.48366013071895425,0.9736842105263158,0.12346518260255766
314,472,empty,y_45m,0.01,0.36,0.972972972972973,0.2807997445183966
315,472,full,y_45m,10.0,0.4388888888888889,0.9634146341463414,0.2512898720217272
316,472,empty,y_60m,1000.0,0.4810126582278481,0.95,0.2847016151156322
317,472,full,y_60m,10.0,0.3247863247863248,0.95,0.13159019264395044
318,472,empty,y_90m,0.1,0.376,0.9591836734693877,0.21713632454624943
319,472,full,y_90m,1000.0,0.32786885245901637,0.9523809523809523,0.1124647438592005
320,472,empty,y_120m,1.0,0.24154589371980675,0.9615384615384616,0.16200073325607944
321,472,full,y_120m,1000.0,0.34051724137931033,0.9518072289156626,0.1372416265928376
322,482,empty,y_10m,0.01,0.6031746031746031,1.0,0.15060181269016681
323,482,full,y_10m,0.01,0.5489130434782609,0.9528301886792453,0.44977704785212363
324,482,empty,y_15m,0.01,0.5423728813559322,1.0,0.16129265132143408
325,482,full,y_15m,0.01,0.47413793103448276,0.9565217391304348,0.40034408053206993
326,482,empty,y_30m,0.01,0.5384615384615384,1.0,0.14433628445755275
327,482,full,y_30m,0.1,0.47107438016528924,0.957983193277311,0.23481761661207068
328,482,empty,y_45m,0.01,0.46153846153846156,0.972972972972973,0.13082817028518232
329,482,full,y_45m,10.0,0.40634920634920635,0.9552238805970149,0.14501988888863127
330,482,empty,y_60m,1000.0,0.31896551724137934,0.9736842105263158,0.0654503861233275
331,482,full,y_60m,10.0,0.35795454545454547,0.9545454545454546,0.13107263038679698
332,482,empty,y_90m,0.1,0.4117647058823529,0.9722222222222222,0.22222460068932912
333,482,full,y_90m,1000.0,0.3447368421052632,0.9562043795620438,0.11664980527312101
334,482,empty,y_120m,1.0,0.4117647058823529,0.9722222222222222,0.2735874503965133
335,482,full,y_120m,1000.0,0.3324607329842932,0.9694656488549618,0.09353855088546986
336,483,empty,y_10m,0.01,0.5333333333333333,1.0,0.16824045733447487
337,483,full,y_10m,0.01,0.5793650793650794,0.954248366013072,0.4494203058717015
338,483,empty,y_15m,0.01,0.4827586206896552,1.0,0.1683198621181496
339,483,full,y_15m,0.01,0.569811320754717,0.9556962025316456,0.41995272723168553
340,483,empty,y_30m,0.01,0.43333333333333335,1.0,0.1507884132899434
341,483,full,y_30m,0.1,0.471875,0.9556962025316456,0.2672736550597737
342,483,empty,y_45m,0.01,0.203125,1.0,0.08575234339954807
343,483,full,y_45m,10.0,0.3900226757369615,0.9555555555555556,0.167814164528313
344,483,empty,y_60m,1000.0,0.5333333333333333,1.0,0.13886508974488115
345,483,full,y_60m,10.0,0.32882882882882886,0.954248366013072,0.19570304905023914
346,483,empty,y_90m,0.1,0.5909090909090909,1.0,0.28756208304231323
347,483,full,y_90m,1000.0,0.3413566739606127,0.9873417721518988,0.13298175359104994
348,483,empty,y_120m,1.0,0.5333333333333333,1.0,0.12275960675528572
349,483,full,y_120m,1000.0,0.3220338983050847,0.9559748427672956,0.11823160302459482
350,491,empty,y_10m,0.01,0.9105691056910569,0.9655172413793104,0.6329869846665075
351,491,full,y_10m,0.01,0.865,0.9505494505494505,0.5871481457311732
352,491,empty,y_15m,0.01,0.8809523809523809,0.9568965517241379,0.6023944471836553
353,491,full,y_15m,0.01,0.7990430622009569,0.9597701149425287,0.5295678599389246
354,491,empty,y_30m,0.01,0.9322033898305084,0.9565217391304348,0.6372792346268538
355,491,full,y_30m,0.1,0.7652582159624414,0.9532163742690059,0.3770079333476072
356,491,empty,y_45m,0.01,0.7814569536423841,0.9516129032258065,0.41871280992800847
357,491,full,y_45m,10.0,0.6625514403292181,0.9526627218934911,0.27470213114941633
358,491,empty,y_60m,1000.0,0.855072463768116,0.9516129032258065,0.21371861574749856
359,491,full,y_60m,10.0,0.65,0.9548022598870056,0.31358219216847755
360,491,empty,y_90m,0.1,0.6705202312138728,0.9508196721311475,0.1269319929463574
361,491,full,y_90m,1000.0,0.6206896551724138,0.9529411764705882,0.3972336866669431
362,491,empty,y_120m,1.0,0.5652173913043478,0.9558823529411765,0.08309679583206152
363,491,full,y_120m,1000.0,0.5818815331010453,0.9542857142857143,0.3751362986943661
364,497,empty,y_10m,0.01,0.0,,0.18101296871813727
365,497,full,y_10m,0.01,0.8441814595660749,0.9553571428571429,0.5485025317964615
366,497,empty,y_15m,0.01,0.0,,0.17724098840694644
367,497,full,y_15m,0.01,0.7522603978300181,0.9541284403669725,0.48207111027822935
368,497,empty,y_30m,0.01,0.0,,0.18078839949517236
369,497,full,y_30m,0.1,0.6950819672131148,0.9506726457399103,0.26634112799154147
370,497,empty,y_45m,0.01,0.0,,0.15378246935867254
371,497,full,y_45m,10.0,0.6265243902439024,0.9513888888888888,0.14857166741354483
372,497,empty,y_60m,1000.0,0.0,,0.04868938812244686
373,497,full,y_60m,10.0,0.6329113924050633,0.9501187648456056,0.1867665791813069
374,497,empty,y_90m,0.1,0.0,,0.2670532735380427
375,497,full,y_90m,1000.0,0.5927601809954751,0.9515738498789347,0.1427416582044722
376,497,empty,y_120m,1.0,0.0,,0.26009741559897676
377,497,full,y_120m,1000.0,0.5772005772005772,0.9592326139088729,0.08559146479717542
378,504,empty,y_10m,0.01,0.6443850267379679,0.9525691699604744,0.4546489922545498
379,504,full,y_10m,0.01,0.5,1.0,0.49003895437509065
380,504,empty,y_15m,0.01,0.6308539944903582,0.950207468879668,0.4387984291351912
381,504,full,y_15m,0.01,0.38461538461538464,1.0,0.4129244330872268
382,504,empty,y_30m,0.01,0.526431718061674,0.952191235059761,0.3576426526111913
383,504,full,y_30m,0.1,0.3888888888888889,1.0,0.27887044170085534
384,504,empty,y_45m,0.01,0.5210084033613446,0.9501915708812261,0.3448357790777028
385,504,full,y_45m,10.0,0.23529411764705882,1.0,0.2065392813528448
386,504,empty,y_60m,1000.0,0.5205761316872428,0.9656488549618321,0.14796372295107565
387,504,full,y_60m,10.0,0.17647058823529413,1.0,0.2525438595734891
388,504,empty,y_90m,0.1,0.5078431372549019,0.9522058823529411,0.12339062198702398
389,504,full,y_90m,1000.0,0.13580246913580246,1.0,0.2984444470705526
390,504,empty,y_120m,1.0,0.4939759036144578,0.9534883720930233,0.06620073040773589
391,504,full,y_120m,1000.0,0.07246376811594203,1.0,0.14325972830902725
392,507,empty,y_10m,0.01,0.6270270270270271,0.9914529914529915,0.3670914883112168
393,507,full,y_10m,0.01,0.125,1.0,0.23463305994578215
394,507,empty,y_15m,0.01,0.6091954022988506,0.9636363636363636,0.3905539249343034
395,507,full,y_15m,0.01,0.08333333333333333,1.0,0.21678649026394342
396,507,empty,y_30m,0.01,0.48739495798319327,0.9508196721311475,0.3159494939872439
397,507,full,y_30m,0.1,0.09259259259259259,1.0,0.1343192379089599
398,507,empty,y_45m,0.01,0.4253731343283582,0.95,0.2785470873011718
399,507,full,y_45m,10.0,0.2571428571428571,1.0,0.2118334948050257
400,507,empty,y_60m,1000.0,0.39171974522292996,0.9534883720930233,0.2014077086658861
401,507,full,y_60m,10.0,0.1509433962264151,1.0,0.295131045553967
402,507,empty,y_90m,0.1,0.38079470198675497,0.9504132231404959,0.18441970814235628
403,507,full,y_90m,1000.0,0.09259259259259259,1.0,0.41194260703557206
404,507,empty,y_120m,1.0,0.3715277777777778,0.963963963963964,0.18861904052723913
405,507,full,y_120m,1000.0,0.23684210526315788,1.0,0.5978693537939216
406,509,empty,y_10m,0.01,0.6258992805755396,0.9560439560439561,0.2667625714804003
407,509,full,y_10m,0.01,0.7368421052631579,0.9506172839506173,0.5143023288128149
408,509,empty,y_15m,0.01,0.5419354838709678,0.9545454545454546,0.239440463451172
409,509,full,y_15m,0.01,0.6847290640394089,0.952054794520548,0.4799642535119433
410,509,empty,y_30m,0.01,0.35443037974683544,0.9545454545454546,0.15705336289568958
411,509,full,y_30m,0.1,0.6086956521739131,0.9545454545454546,0.24047708729780914
412,509,empty,y_45m,0.01,0.2951388888888889,0.9550561797752809,0.13238190867834845
413,509,full,y_45m,10.0,0.47674418604651164,0.9534883720930233,0.11622730245961534
414,509,empty,y_60m,1000.0,0.2672955974842767,0.9659090909090909,0.013541291787801744
415,509,full,y_60m,10.0,0.39095744680851063,0.9545454545454546,0.10475211900654292
416,509,empty,y_90m,0.1,0.21727748691099477,0.9764705882352941,0.03987232171390323
417,509,full,y_90m,1000.0,0.3392857142857143,0.9606741573033708,0.10506713835479653
418,509,empty,y_120m,1.0,0.22388059701492538,0.9615384615384616,0.02914425140528732
419,509,full,y_120m,1000.0,0.3533980582524272,0.9528795811518325,0.12447725225748414
420,511,empty,y_10m,0.01,0.6875,0.9506172839506173,0.4035849076694886
421,511,full,y_10m,0.01,0.4444444444444444,0.972972972972973,0.21830863966507538
422,511,empty,y_15m,0.01,0.5494505494505495,0.9554140127388535,0.26318854990952456
423,511,full,y_15m,0.01,0.41304347826086957,0.95,0.2042470821874931
424,511,empty,y_30m,0.01,0.36363636363636365,0.9523809523809523,0.0832332061516588
425,511,full,y_30m,0.1,0.11011904761904762,0.9736842105263158,0.006116887922586574
426,511,empty,y_45m,0.01,0.36061381074168797,0.9527027027027027,0.0922172672905479
427,511,full,y_45m,10.0,0.13445378151260504,0.9696969696969697,0.027545826670740504
428,511,empty,y_60m,1000.0,0.35989717223650386,0.9523809523809523,0.024203669550820473
429,511,full,y_60m,10.0,0.08035714285714286,0.9642857142857143,0.022145411677477876
430,511,empty,y_90m,0.1,0.4,0.9530201342281879,0.05855051666475945
431,511,full,y_90m,1000.0,0.044226044226044224,1.0,0.016260720614393202
432,511,empty,y_120m,1.0,0.40229885057471265,0.9523809523809523,0.06100057387642669
433,511,full,y_120m,1000.0,0.035545023696682464,1.0,0.011069568212447185
434,518,empty,y_10m,0.01,0.45987654320987653,0.9738562091503268,0.3573195498195009
435,518,full,y_10m,0.01,0.048513302034428794,1.0,0.03229139762339047
436,518,empty,y_15m,0.01,0.4394366197183099,0.975,0.30512856573384173
437,518,full,y_15m,0.01,0.06188925081433225,1.0,0.03454593040369843
438,518,empty,y_30m,0.01,0.4171270718232044,0.9617834394904459,0.3343149532818666
439,518,full,y_30m,0.1,0.4868421052631579,0.9736842105263158,0.025659778843607067
440,518,empty,y_45m,0.01,0.3949367088607595,0.9512195121951219,0.2998160433743648
441,518,full,y_45m,10.0,0.10495626822157435,1.0,6.646398930478109e-11
442,518,empty,y_60m,1000.0,0.39805825242718446,0.9590643274853801,0.26387964341072595
443,518,full,y_60m,10.0,0.07014028056112225,0.9722222222222222,7.63428823508676e-10
444,518,empty,y_90m,0.1,0.36104513064133015,0.9559748427672956,0.2288985919280455
445,518,full,y_90m,1000.0,0.2345679012345679,0.95,1.4860254164736415e-07
446,518,empty,y_120m,1.0,0.4067357512953368,0.9631901840490797,0.2925848605831781
447,518,full,y_120m,1000.0,0.0796812749003984,1.0,1.1957765937494855e-46
448,519,empty,y_10m,0.01,0.784688995215311,0.9534883720930233,0.49352086760592667
449,519,full,y_10m,0.01,0.6950354609929078,0.9514563106796117,0.3107026335720056
450,519,empty,y_15m,0.01,0.679324894514768,0.9526627218934911,0.4258998606628246
451,519,full,y_15m,0.01,0.62,0.9587628865979382,0.2806580248539419
452,519,empty,y_30m,0.01,0.45930232558139533,0.9518072289156626,0.3066168781950487
453,519,full,y_30m,0.1,0.6025641025641025,0.9591836734693877,0.13176400929289714
454,519,empty,y_45m,0.01,0.33406593406593404,0.9559748427672956,0.2333549392881521
455,519,full,y_45m,10.0,0.5276073619631901,0.9555555555555556,0.04523484407622538
456,519,empty,y_60m,1000.0,0.3142292490118577,0.9520958083832335,0.24336098818281343
457,519,full,y_60m,10.0,0.3661417322834646,0.9587628865979382,0.017896306841869294
458,519,empty,y_90m,0.1,0.2361963190184049,0.9506172839506173,0.20208258711674112
459,519,full,y_90m,1000.0,0.2547945205479452,0.9587628865979382,0.02444357344401129
460,519,empty,y_120m,1.0,0.23252032520325203,0.9533333333333334,0.3668161314669097
461,519,full,y_120m,1000.0,0.18467583497053044,0.9591836734693877,0.024051276152091756
462,527,empty,y_10m,0.01,0.6666666666666666,0.9655172413793104,0.4197207466811508
463,527,full,y_10m,0.01,0.6415094339622641,0.9714285714285714,0.21005140775472678
464,527,empty,y_15m,0.01,0.6428571428571429,0.9642857142857143,0.4309618397399642
465,527,full,y_15m,0.01,0.6,0.972972972972973,0.20159978872474088
466,527,empty,y_30m,0.01,0.6666666666666666,1.0,0.40190521765618703
467,527,full,y_30m,0.1,0.34285714285714286,0.972972972972973,0.1960295694563765
468,527,empty,y_45m,0.01,0.6086956521739131,0.9655172413793104,0.33516818518179103
469,527,full,y_45m,10.0,0.14644351464435146,0.9722222222222222,0.022536055624705124
470,527,empty,y_60m,1000.0,0.5555555555555556,1.0,0.08781455754577726
471,527,full,y_60m,10.0,0.1520912547528517,1.0,0.018356902422215094
472,527,empty,y_90m,0.1,0.47368421052631576,0.9642857142857143,0.14932291445665435
473,527,full,y_90m,1000.0,0.1,1.0,0.0035634357989099198
474,527,empty,y_120m,1.0,0.5294117647058824,0.9642857142857143,0.13276759932115798
475,527,full,y_120m,1000.0,0.09803921568627451,1.0,0.003004175490496977
476,531,empty,y_10m,0.01,0.6787878787878788,0.9824561403508771,0.2483565048323223
477,531,full,y_10m,0.01,0.3939393939393939,1.0,0.2968966435930305
478,531,empty,y_15m,0.01,0.7453416149068323,0.96,0.25270129294736327
479,531,full,y_15m,0.01,0.28205128205128205,1.0,0.27592950649359566
480,531,empty,y_30m,0.01,0.6057142857142858,0.954954954954955,0.2054007430515327
481,531,full,y_30m,0.1,0.375,1.0,0.2055199131734627
482,531,empty,y_45m,0.01,0.5759162303664922,0.9565217391304348,0.20083943902047963
483,531,full,y_45m,10.0,0.2545454545454545,1.0,0.16155666557047527
484,531,empty,y_60m,1000.0,0.3715277777777778,0.9553571428571429,0.022180296012062495
485,531,full,y_60m,10.0,0.23214285714285715,1.0,0.12005030872076769
486,531,empty,y_90m,0.1,0.3180428134556575,0.9541284403669725,0.027217208716194412
487,531,full,y_90m,1000.0,0.25,1.0,0.1789711339765676
488,531,empty,y_120m,1.0,0.2601010101010101,0.9809523809523809,0.008648404453874103
489,531,full,y_120m,1000.0,0.17857142857142858,1.0,0.1255660484409795
490,540,empty,y_10m,0.01,0.3695652173913043,1.0,0.2985334569746119
491,540,full,y_10m,0.01,0.4187192118226601,0.9550561797752809,0.2418548454227611
492,540,empty,y_15m,0.01,0.6486486486486487,0.96,0.282013101572954
493,540,full,y_15m,0.01,0.3981042654028436,0.9655172413793104,0.20919335137433123
494,540,empty,y_30m,0.01,0.2571428571428571,1.0,0.20363426049601271
495,540,full,y_30m,0.1,0.344,0.9555555555555556,0.07895078254209996
496,540,empty,y_45m,0.01,0.3194444444444444,0.9583333333333334,0.2107195406422805
497,540,full,y_45m,10.0,0.2719033232628399,0.967741935483871,0.027542806538605982
498,540,empty,y_60m,1000.0,0.27848101265822783,0.9565217391304348,0.15501434497278518
499,540,full,y_60m,10.0,0.2519480519480519,0.9603960396039604,0.014360241794121044
500,540,empty,y_90m,0.1,0.2111111111111111,0.95,0.11206439366341754
501,540,full,y_90m,1000.0,0.20334928229665072,0.9550561797752809,0.00933166996678866
502,540,empty,y_120m,1.0,0.18518518518518517,0.9523809523809523,0.1196532791439202
503,540,full,y_120m,1000.0,0.17194570135746606,0.95,0.007209959861624678
